Brand,Model_Name,Processor_name,ram,Processor_generation,OS,storage,rating,price,screen_size(inch)
Lenovo,LenovoIdeaPad3Corei311th,Intel Core i3 ,8 GB DDR4 ,11th Gen,64 bit Windows 11 ,256 GB SSD35.56 ,4.2,"₹36,990", 14 
Lenovo,LenovoIdeaPad3Corei311th,Intel Core i3 ,8 GB DDR4 ,11th Gen,64 bit Windows 11 ,512 GB SSD39.62 ,4.2,"₹39,990", 15.6 
ASUS,ASUSVivoBook15(2022)Corei3,Intel Core i3 ,8 GB DDR4 ,10th Gen,64 bit Windows 11 ,512 GB SSD39.62 ,4.3,"₹32,990", 15.6 
HP,HPPavilionRyzen5HexaCore,AMD Ryzen 5 Hexa Core ,8 GB DDR4 ,,64 bit Windows 10 ,512 GB SSD39.62 ,4.4,"₹49,990", 15.6 
ASUS,ASUSTUFGamingF15Corei5,Intel Core i5 ,8 GB DDR4 ,10th Gen,Windows 11 ,512 GB SSD39.62 ,4.4,"₹49,990", 15.6 
HP,HP14sIntelCorei311th,Intel Core i3 ,8 GB DDR4 ,11th Gen,64 bit Windows 11 ,256 GB SSD35.56 ,4.2,"₹36,990", 14 
DELL,DELLInspironCorei311thGen,, 2 Cores,," & Storage: 8GB DDR4 & 1TB + 256GB SSDGraphics & Keyboard: Integrated & Standard KeyboardDisplay: 15.6"" FHD WVA AG Narrow BorderPorts: 2x USB 3.2 Gen1 ,1x USB 2.0, HDMI 1.4, SD Card reader, Audio jack, 1 M.2 2230/2280 slot for solid-state drive/Intel OptaneIntel Core i3 ", & Storage: 8GB DDR4 & 1TB + 256GB SSDGraphics & Keyboard: Integrated & Standard Keyboard,4.3,"₹38,990", & Storage: 8GB DDR4 & 1TB + 256GB SSDGraphics & Keyboard: Integrated & Standard Keyboard
RedmiBook,RedmiBookProCorei511thGen,Intel Core i5 ,8 GB DDR4 ,11th Gen,Windows 11 ,512 GB SSD39.62 ,4.1,"₹39,990", 15.6 
realme,realmeBook(Slim)Corei311th,"Stylish & Portable Thin and Light Laptop14 inch 2K QHD, IPS LCD Display ( 400nits peak brightness, 100% sRGB, 3:2 aspect ratio, Full Vision Display)Finger Print Sensor for Faster System AccessLight Laptop without Optical Disk DriveIntel Core i3 ",8 GB DDR4 ,11th Gen,64 bit Windows 10 ,256 GB SSD35.56 ,4.4,"₹46,990", 14 
ASUS,ASUSVivoBook14(2022)Ryzen7,AMD Ryzen 7 Quad Core ,16 GB DDR4 ,,64 bit Windows 11 ,512 GB SSD35.56 ,4.1,"₹44,990", 14 
HP,HPPavilionRyzen5HexaCore,AMD Ryzen 5 Hexa Core ,8 GB DDR4 ,,64 bit Windows 11 ,512 GB SSD39.62 ,4.4,"₹59,990", 15.6 
Lenovo,LenovoIdeaPad1Ryzen5Quad,AMD Ryzen 5 Quad Core ,8 GB DDR4 ,,64 bit Windows 11 ,512 GB SSD39.62 ,4.2,"₹38,705", 15.6  
ASUS,ASUSCorei311thGen-,Intel Core i3 ,8 GB DDR4 ,11th Gen,64 bit Windows 11 ,256 GB SSD39.62 ,4.3,"₹32,990", 15.6 
ASUS,ASUSTUFGamingA17with90Whr,AMD Ryzen 5 Hexa Core ,8 GB DDR4 ,,64 bit Windows 11 ,512 GB SSD43.94 ,4.4,"₹52,990", 17.3  
acer,acerExtensaCorei311thGen,Intel Core i3 ,8 GB DDR4 ,11th Gen,64 bit Windows 11 ,256 GB SSD39.62 ,4.3,"₹29,990", 15.6  
ASUS,ASUSROGStrixG15(2022)with,AMD Ryzen 9 Octa Core ,16 GB DDR5 ,,Windows 11 ,1 TB SSD39.62 ,3.9,"₹1,96,990", 15.6 
ASUS,ASUSVivoBook15(2022)Corei5,Intel Core i5 ,8 GB DDR4 ,11th Gen,64 bit Windows 11 ,1 TB HDD|256 GB SSD39.62 ,4.3,"₹47,990", 15.6 
ASUS,ASUSVivobook15Corei511th,Intel Core i5 ,8 GB DDR4 ,11th Gen,64 bit Windows 11 ,512 GB SSD39.62 ,4.3,"₹45,990", 15.6  
MSI,MSIBravo15Ryzen5Hexa,AMD Ryzen 5 Hexa Core ,8 GB DDR4 ,,64 bit Windows 11 ,512 GB SSD39.62 ,4.4,"₹47,990", 15.6 
ASUS,ASUSROGStrixG15Ryzen7,AMD Ryzen 7 Octa Core ,16 GB DDR4 ,,Windows 11 ,1 TB SSD39.62 ,4.6,"₹85,990", 15.6 
APPLE,APPLE2020MacbookAirM1-,Apple M1 ,8 GB DDR4 ,,Mac OS ,256 GB SSD33.78 ,4.7,"₹88,990", 13.3 
HP,HP14sIntelCorei311th,Intel Core i3 ,8 GB DDR4 ,11th Gen,64 bit Windows 11 ,512 GB SSD35.56 ,4.2,"₹40,990", 14 
Lenovo,LenovoCeleronDualCore-(4,Intel Celeron Dual Core ,4 GB LPDDR4 ,,DOS ,256 GB HDD|256 GB SSD39.62 ,3.7,"₹19,490", 15.6 
Lenovo,LenovoIdeaPad1Ryzen3Dual,AMD Ryzen 3 Dual Core ,8 GB DDR4 ,,64 bit Windows 11 ,512 GB SSD39.62 ,4.2,"₹35,590", 15.6  
HP,HPVictusIntelCorei512th,Intel Core i5 ,8 GB DDR4 ,12th Gen,64 bit Windows 11 ,512 GB SSD39.62 ,4.3,"₹65,990", 15.6  
acer,acerAspire7Corei512th,Intel Core i5 ,16 GB DDR4 ,12th Gen,64 bit Windows 11 ,512 GB SSD39.62 ,4.3,"₹58,990", 15.6 
acer,acerAspire3Ryzen3Dual,AMD Ryzen 3 Dual Core ,8 GB DDR4 ,,64 bit Windows 11 ,256 GB SSD39.62 ,4.2,"₹24,990", 15.6  
acer,acerAspire7Ryzen5Hexa,Free upgrade to Windows 11 when availableAMD Ryzen 5 Hexa Core ,8 GB DDR4 ,,64 bit Windows 11 ,512 GB SSD39.62 ,4.4,"₹47,990", 15.6 
ASUS,ASUSTUFGamingA17with90Whr,AMD Ryzen 7 Octa Core ,8 GB DDR4 ,,64 bit Windows 11 ,512 GB SSD43.94 ,4.4,"₹73,990", 17.3  
Lenovo,LenovoIdeaPad3Corei512th,Intel Core i5 ,8 GB DDR4 ,12th Gen,64 bit Windows 11 ,512 GB SSD39.62 ,4.2,"₹53,490", 15.6  
ASUS,ASUSROGStrixG15AdvantageEdition,AMD Ryzen 9 Octa Core ,16 GB DDR4 ,,Windows 11 ,1 TB SSD39.62 ,4.9,"₹1,50,990", 15.6 
Lenovo,LenovoIdeaPadGamingCorei511th,Intel Core i5 ,8 GB DDR4 ,11th Gen,64 bit Windows 11 ,512 GB SSD39.62 ,4.3,"₹51,990", 15.6  
ASUS,ASUSVivobook14(2022)Corei5,Intel Core i5 ,16 GB DDR4 ,12th Gen,64 bit Windows 11 ,512 GB SSD35.56 ,4.7,"₹66,990", 14  Touchscreen 
ASUS,ASUSROGZephyrusG15Ryzen9,AMD Ryzen 9 Octa Core ,16 GB DDR5 ,,64 bit Windows 11 ,1 TB SSD39.62 ,4.3,"₹1,94,990", 15.6 
acer,acerAspire7Ryzen5Hexa,AMD Ryzen 5 Hexa Core ,16 GB DDR4 ,,64 bit Windows 11 ,512 GB SSD39.62 ,4.4,"₹51,990", 15.6  
HP,HPAthlonDualCore3050U-,AMD Athlon Dual Core ,8 GB DDR4 ,,64 bit Windows 11 ,256 GB SSD35.56 ,3.9,"₹25,990", 14 
acer,acerAspireRyzen5QuadCore,AMD Ryzen 5 Quad Core ,8 GB DDR4 ,,64 bit Windows 11 ,512 GB SSD39.62 ,4.2,"₹35,990", 15.6 
ASUS,ASUSVivoBook15(2021)Corei5,Intel Core i5 ,8 GB DDR4 ,10th Gen,64 bit Windows 11 ,512 GB SSD39.62 ,4.2,"₹43,990", 15.6 
Lenovo,LenovoIdeaPad3Ryzen5Hexa,AMD Ryzen 5 Hexa Core ,8 GB DDR4 ,,64 bit Windows 11 ,512 GB SSD39.62 ,4.3,"₹44,990", 15.6 
Lenovo,LenovoIdeaPadGaming3Ryzen5,AMD Ryzen 5 Hexa Core ,8 GB DDR4 ,,64 bit Windows 11 ,512 GB SSD39.62 ,3.7,"₹64,490", 15.6 
ASUS,ASUSVivoBookK15OLED(2022)Core,Intel Core i3 ,8 GB DDR4 ,11th Gen,64 bit Windows 11 ,256 GB SSD39.62 ,4.4,"₹40,990", 15.6 
ASUS,ASUSVivoBookUltra14(2022)Core,Intel Core i3 ,8 GB DDR4 ,11th Gen,64 bit Windows 11 ,512 GB SSD35.56 ,4.4,"₹38,990", 14 
HP,HP15sIntelCorei512th,Intel Core i5 ,8 GB DDR4 ,12th Gen,64 bit Windows 11 ,512 GB SSD39.62 ,4.2,"₹58,990", 15.6 
realme,realmeBook(Slim)IntelEvoCorei5,Powered by 11th Gen Intel Evo Core i5 ,Microsoft Office 2019 Home & Student IncludedStylish Thin and Light Laptop without Optical Disk DriveIntel Core i5 ,,Microsoft Office 2019 Home & Student IncludedStylish Thin and Light Laptop without Optical Disk DriveIntel Core i5 ,Microsoft Office 2019 Home & Student IncludedStylish Thin and Light Laptop without Optical Disk DriveIntel Core i5 ,4.4,"₹59,990",Microsoft Office 2019 Home & Student IncludedStylish Thin and Light Laptop without Optical Disk DriveIntel Core i5 
acer,acerAspire7Corei510th,Free upgrade to Windows 11 when availableIntel Core i5 ,8 GB DDR4 ,10th Gen,64 bit Windows 10 ,512 GB SSD39.62 ,4.4,"₹47,990", 15.6 
HP,HPRyzen3QuadCore5300U,AMD Ryzen 3 Quad Core ,8 GB DDR4 ,,64 bit Windows 11 ,512 GB SSD39.62 ,4.2,"₹37,499", 15.6 
ASUS,ASUSVivobookPro14XOLEDwith,AMD Ryzen 9 Octa Core ,8 GB DDR4 ,,64 bit Windows 10 ,1 TB SSD35.56 ,4.1,"₹94,990", 14  
ASUS,ASUSVivoBook15(2022)Corei3,Intel Core i3 ,8 GB DDR4 ,10th Gen,64 bit Windows 11 ,512 GB SSD39.62 ,4.3,"₹32,990", 15.6 
ASUS,ASUSVivoBook14(2021)CeleronDual,Intel Celeron Dual Core ,4 GB DDR4 ,,64 bit Windows 11 ,256 GB SSD35.56 ,4.0,"₹23,990", 14 
HP,HPRyzen5HexaCore5500U,AMD Ryzen 5 Hexa Core ,16 GB DDR4 ,,64 bit Windows 11 ,512 GB SSD35.56 ,4.3,"₹48,990", 14 
APPLE,APPLE2022MacBookProM2-,Apple M2 ,8 GB Unified Memory ,,Mac OS ,512 GB SSD33.78 ,4.7,"₹1,39,990", 13.3  
ASUS,ASUSTUFGamingA15with90Whr,AMD Ryzen 7 Octa Core ,16 GB DDR4 ,,64 bit Windows 11 ,512 GB SSD39.62 ,4.6,"₹89,990", 15.6  
ASUS,ASUSTUFGamingA15Ryzen5,AMD Ryzen 5 Hexa Core ,8 GB DDR4 ,,64 bit Windows 11 ,1 TB SSD39.62 ,4.5,"₹59,990", 15.6 
DELL,DELLRyzen5HexaCoreAMD,, 16MB L3,," & Storage: 16GB DDR4 (2 DIMM Slots) & 512GB SSDGraphics: NVIDIA GEFORCE RTX 3050 (4GB GDDR6) TGP Up To 80WDisplay: 15.6"" FHD WVA AG 250 nits 120Hz Narrow Border, Backlit Keyboard OrangeColor: Phantom Grey with specklesPorts: (1) HDMI 2.1, (2) SuperSpeed USB 2.0 Gen 1 Type-A including (1) with PowerShare, (1) SuperSpeed USB 3.2, (1) USB-C Data/Display Port Alt-Mode, Headphone/Mic, (1) RJ45WiFi & BT: Killer Wi-Fi 6 AX1650 (2x2) and BluetoothAMD Ryzen 5 Hexa Core ", & Storage: 16GB DDR4 (2 DIMM Slots) & 512GB SSDGraphics: NVIDIA GEFORCE RTX 3050 (4GB GDDR6) TGP Up To 80W,4.6,"₹70,990", & Storage: 16GB DDR4 2 DIMM Slots & 512GB SSDGraphics: NVIDIA GEFORCE RTX 3050 4GB GDDR6 TGP Up To 80W
Infinix,InfinixINBookX1NeoSeriesCeleron,Intel Celeron Quad Core ,8 GB LPDDR4X ,,64 bit Windows 11 ,256 GB SSD35.56 ,4.2,"₹22,990", 14 
HP,HPRyzen5HexaCore5500U,AMD Ryzen 5 Hexa Core ,8 GB DDR4 ,,64 bit Windows 11 ,512 GB SSD39.62 ,4.3,"₹46,990", 15.6 
ASUS,ASUSVivoBook15(2022)Corei5,Intel Core i5 ,8 GB DDR4 ,11th Gen,Windows 10 ,1 TB HDD|256 GB SSD39.62 ,4.3,"₹50,990", 15.6 
Infinix,InfinixX1SlimSeriesCorei3,Intel Core i3 ,8 GB LPDDR4X ,10th Gen,64 bit Windows 11 ,256 GB SSD35.56 ,4.2,"₹28,990", 14 
MSI,MSIKatanaGF66Corei711th,Intel Core i7 ,16 GB DDR4 ,11th Gen,64 bit Windows 10 ,512 GB SSD39.62 ,4.3,"₹84,990", 15.6 
APPLE,APPLE2021MacbookProM1Pro,Apple M1 Pro ,16 GB Unified Memory ,,Mac OS ,512 GB SSD36.07 ,4.8,"₹1,81,990", 14.2 
MSI,MSIDelta15AMDAdvantageEdition,AMD Ryzen 9 Octa Core ,16 GB DDR4 ,5th Gen,64 bit Windows 11 ,1 TB SSD39.62 ,4.6,"₹1,09,990", 15.6 
SAMSUNG,SAMSUNGGalaxyBookGoSnapdragon7c,Qualcomm Snapdragon 7c Gen 2 ,4 GB LPDDR4X ,,Windows 11 ,35.56 ,4.4,"₹32,990", 14  
Infinix,InfinixX1SlimSeriesCorei5,Intel Core i5 ,16 GB LPDDR4X ,10th Gen,64 bit Windows 11 ,512 GB SSD35.56 ,4.1,"₹37,990", 14  
APPLE,APPLE2022MacBookAIRM2-,Apple M2 ,8 GB Unified Memory ,,Mac OS ,512 GB SSD34.54 ,5.0,"₹1,39,990", 13.6  
Lenovo,LenovoIdeaPadCorei310thGen,Intel Core i3 ,4 GB DDR4 ,10th Gen,64 bit Windows 11 ,256 GB SSD39.62 ,4.4,"₹29,990", 15.6 
Lenovo,LenovoIdeaPad3CBCeleronDual,Intel Celeron Dual Core ,4 GB DDR4 ,,Chrome ,35.56 ,4.2,"₹19,490", 14  
Lenovo,LenovoIdeaPadGaming3Ryzen7,AMD Ryzen 7 Octa Core ,8 GB DDR4 ,,64 bit Windows 11 ,512 GB SSD39.62 ,4.5,"₹73,490", 15.6 
ASUS,ASUSVivoBookK15OLED(2022)Ryzen,AMD Ryzen 5 Hexa Core ,8 GB DDR4 ,,64 bit Windows 11 ,1 TB HDD|256 GB SSD39.62 ,4.4,"₹52,990", 15.6 
HP,HPCorei311thGen-,Intel Core i3 ,8 GB DDR4 ,11th Gen,64 bit Windows 11 ,512 GB SSD39.62 ,4.2,"₹41,890", 15.6  
DELL,DELLInspironPentiumSilver-(8,,,," & Storage: 8GB DDR4 & 256GB SSDDisplay: 15.6"" HD AG Narrow BorderSoftware: Win 11 + Office H&S 20212x USB 3.2 Gen1 ,1x USB 2.0, HDMI 1.4, SD Card reader, Audio jack, 1 M.2 2230/2280 slot for solid-state drive/Intel OptaneWiFi & BT: 802.11ac 1x1 WiFi and BluetoothIntel Pentium Silver ", & Storage: 8GB DDR4 & 256GB SSD,4.2,"₹30,428", & Storage: 8GB DDR4 & 256GB SSD
acer,acerExtensaCorei311thGen,Intel Core i3 ,8 GB DDR4 ,11th Gen,64 bit Windows 11 ,512 GB SSD39.62 ,4.1,"₹34,990", 15.6  
APPLE,APPLE2020MacbookAirM1-,Apple M1 ,8 GB DDR4 ,,Mac OS ,256 GB SSD33.78 ,4.7,"₹88,990", 13.3 
MSI,MSICorei711thGen-,Intel Core i7 ,8 GB DDR4 ,11th Gen,64 bit Windows 10 ,512 GB SSD39.62 ,4.4,"₹65,990", 15.6  
ASUS,ASUSVivobook15Corei310th,Intel Core i3 ,8 GB DDR4 ,10th Gen,64 bit Windows 11 ,512 GB SSD39.62 ,4.1,"₹33,490", 15.6 
HP,HP14sIntelCorei512th,Intel Core i5 ,16 GB DDR4 ,12th Gen,64 bit Windows 11 ,512 GB SSD35.56 ,4.1,"₹60,990", 14 
ASUS,ASUSVivoBookK15OLEDRyzen7,AMD Ryzen 7 Octa Core ,16 GB DDR4 ,,64 bit Windows 11 ,512 GB SSD39.62 ,4.3,"₹59,990", 15.6  
MSI,MSIStealth15MCorei711th,Intel Core i7 ,16 GB DDR4 ,11th Gen,64 bit Windows 10 ,1 TB SSD39.62 ,4.2,"₹1,14,990", 15.6 
ASUS,ASUSROGZephyrusM16Corei7,Intel Core i7 ,16 GB DDR4 ,11th Gen,Windows 10 ,1 TB SSD40.64 ,4.3,"₹1,19,990", 16 
Infinix,InfinixINBookX2PlusCorei5,Intel Core i5 ,8 GB LPDDR4X ,11th Gen,64 bit Windows 11 ,512 GB SSD39.62 ,4.3,"₹42,990", 15.6  
ASUS,ASUSVivobookPro15OLEDCore,Intel Core i5 ,16 GB LPDDR5 ,12th Gen,64 bit Windows 11 ,512 GB SSD39.62 ,4.6,"₹89,990", 15.6  
MSI,MSIAlpha15AMDAdvantageEdition,AMD Ryzen 7 Octa Core ,8 GB DDR4 ,,64 bit Windows 11 ,512 GB SSD39.62 ,4.5,"₹79,990", 15.6 
ASUS,ASUSCorei511thGen-,Intel Core i5 ,8 GB DDR4 ,11th Gen,Windows 11 ,1 TB SSD39.62 ,4.8,"₹70,990", 15.6 
Lenovo,LenovoIdeaPad3Corei310th,Intel Core i3 ,8 GB DDR4 ,10th Gen,Windows 11 ,256 GB SSD39.62 ,3.9,"₹33,900", 15.6  
Infinix,InfinixINBookX2PlusCorei7,Intel Core i7 ,16 GB LPDDR4X ,11th Gen,64 bit Windows 11 ,512 GB SSD39.62 ,4.8,"₹52,990", 15.6  
APPLE,APPLEMacBookAirM1-(16,Apple M1 ,16 GB DDR4 ,,Mac OS ,512 GB SSD33.78 ,4.7,"₹1,24,990", 13.3 
RedmiBook,RedmiBookProCorei311thGen,Intel Core i3 ,8 GB DDR4 ,11th Gen,Windows 11 ,256 GB SSD39.62 ,4.2,"₹31,990", 15.6 
acer,acerNitro5Ryzen5Hexa,AMD Ryzen 5 Hexa Core ,16 GB DDR4 ,,Windows 11 ,512 GB SSD39.62 ,4.3,"₹66,990", 15.6  
DELL,DELLRyzen7OctaCoreAMD,"NVIDIA RTX 3050 Graphics upto 90W TGP15.6 inch Full HD AG Display (250 nits Brightness, 120Hz, Narrow Border)Alienware Command CenterAMD Ryzen 7 Octa Core ",16 GB DDR4 ,,64 bit Windows 11 ,512 GB SSD39.62 ,5.0,"₹89,081", 15.6 
APPLE,APPLEMacBookAirM1-(8,Apple M1 ,8 GB DDR4 ,,Mac OS ,512 GB SSD33.78 ,4.7,"₹1,04,990", 13.3 
Lenovo,LenovoIdeaPad3Corei511th,Intel Core i5 ,8 GB DDR4 ,11th Gen,64 bit Windows 11 ,512 GB SSD39.62 ,4.2,"₹53,490", 15.6 
ASUS,ASUSVivoBookFlip14Corei3,Intel Core i3 ,8 GB LPDDR4X ,11th Gen,64 bit Windows 11 ,256 GB SSD35.56 ,4.5,"₹45,990", 14  Touchscreen 
ASUS,ASUSVivoBookK15OLED(2022)Core,Intel Core i3 ,8 GB DDR4 ,11th Gen,64 bit Windows 11 ,512 GB SSD39.62 ,4.5,"₹45,990", 15.6 
MSI,MSIGF63ThinCorei511th,Intel Core i5 ,8 GB DDR4 ,11th Gen,64 bit Windows 11 ,512 GB SSD39.62 ,4.4,"₹51,990", 15.6 
HP,HPPavilionGamingRyzen7Octa,AMD Ryzen 7 Octa Core ,16 GB DDR4 ,,64 bit Windows 11 ,512 GB SSD39.62 ,4.3,"₹75,990", 15.6 
Lenovo,LenovoIdeaPad3Corei311th,Intel Core i3 ,8 GB DDR4 ,11th Gen,64 bit Windows 11 ,256 GB SSD39.62 ,4.2,"₹36,990", 15.6  
HP,HPPavilionIntelCorei511th,Intel Core i5 ,16 GB DDR4 ,11th Gen,64 bit Windows 11 ,512 GB SSD35.56 ,3.7,"₹78,800", 14 
HP,HPAthlonDualCore3050U-,AMD Athlon Dual Core ,8 GB DDR4 ,,64 bit Windows 11 ,512 GB SSD39.62 ,4.2,"₹29,390", 15.6 
Infinix,InfinixINBookX1Corei310th,Intel Core i3 ,8 GB LPDDR4X ,10th Gen,64 bit Windows 11 ,256 GB SSD35.56 ,4.3,"₹30,990", 14 
Lenovo,LenovoIdeaPad3Corei512th,Intel Core i5 ,16 GB DDR4 ,12th Gen,64 bit Windows 11 ,512 GB SSD39.62 ,4.1,"₹62,490", 15.6  
ASUS,ASUSVivobookS14OLED(2022)Intel,Intel Core i7 ,16 GB DDR4 ,12th Gen,64 bit Windows 11 ,512 GB SSD35.56 ,3.8,"₹89,990", 14  
HP,HP15sIntelCorei512th,Intel Core i5 ,8 GB DDR4 ,12th Gen,64 bit Windows 11 ,512 GB SSD39.62 ,4.1,"₹58,899", 15.6 
MSI,MSISword15Corei512th,Intel Core i5 ,16 GB DDR4 ,12th Gen,64 bit Windows 11 ,512 GB SSD39.62 ,4.5,"₹85,990", 15.6  
DELL,DELLVostroRyzen3DualCore,,,," & Storage: 8GB DDR4 (2 DIMM Slots) & 1TB HDDSoftware: Win 11 + Office H&S 2021Display: 14.0"" FHD WVA AG Narrow BorderPorts: USB 3.2 Gen 1 (x2), USB2.0 (x1), HDMI 1.4, SD Media Card Reader (SD, SDHC, SDXC), RJ45 - 10/100MbpsWiFi & BT: 802.11ac 1x1 WiFi and BluetoothAMD Ryzen 3 Dual Core ", & Storage: 8GB DDR4 (2 DIMM Slots) & 1TB HDDSoftware: Win 11 + Office H&S 2021,3.8,"₹33,099", & Storage: 8GB DDR4 2 DIMM Slots & 1TB HDDSoftware: Win 11 + Office H&S 2021
Lenovo,LenovoIdeapadGaming3Corei5,Intel Core i5 ,8 GB DDR4 ,11th Gen,64 bit Windows 11 ,1 TB HDD|256 GB SSD39.62 ,4.3,"₹63,490", 15.6 
ASUS,ASUSVivoBook14(2022)Ryzen5,AMD Ryzen 5 Quad Core ,8 GB DDR4 ,,32 bit Windows 11 ,512 GB SSD35.56 ,4.2,"₹38,990", 14 
HP,HPVictusCorei511thGen,Intel Core i5 ,8 GB DDR4 ,11th Gen,64 bit Windows 11 ,512 GB SSD40.89 ,4.3,"₹67,990", 16.1 
HP,HP15sIntelCorei311th,Intel Core i3 ,8 GB DDR4 ,11th Gen,64 bit Windows 11 ,512 GB SSD39.62 ,4.2,"₹39,790", 15.6 
APPLE,APPLE2021MacbookProM1Pro,Apple M1 Pro ,16 GB Unified Memory ,,Mac OS ,1 TB SSD41.15 ,4.8,"₹2,41,990", 16.2 
APPLE,APPLE2020MacbookAirM1-,Apple M1 ,8 GB DDR4 ,,Mac OS ,512 GB SSD33.78 ,4.6,"₹1,04,990", 13.3 
DELL,DELLVostroRyzen3DualCore,AMD Ryzen 3 Dual Core ,8 GB DDR4 ,,64 bit Windows 11 ,512 GB SSD35.56 ,4.1,"₹42,190", 14  
ASUS,ASUSVivobookUltra14(2022)Core,Intel Core i3 ,8 GB DDR4 ,11th Gen,64 bit Windows 11 ,512 GB SSD35.56 ,4.2,"₹39,990", 14 
ASUS,ASUSTUFDashF15Corei7,Intel Core i7 ,16 GB DDR5 ,12th Gen,64 bit Windows 11 ,1 TB SSD39.62 ,4.5,"₹99,990", 15.6 
APPLE,APPLE2021MacbookProM1Max,Apple M1 Max ,32 GB Unified Memory ,,Mac OS ,1 TB SSD41.15 ,4.3,"₹3,09,490", 16.2 
ASUS,ASUSVivoBookK15OLED(2022)Core,Intel Core i5 ,16 GB DDR4 ,11th Gen,64 bit Windows 11 ,1 TB HDD|256 GB SSD39.62 ,4.4,"₹64,990", 15.6 
ASUS,ASUSTUFGamingA17Ryzen7,AMD Ryzen 7 Octa Core ,16 GB DDR4 ,,64 bit Windows 10 ,512 GB SSD43.94 ,4.5,"₹85,990", 17.3 
APPLE,APPLE2021MacbookProM1Pro,Apple M1 Pro ,16 GB Unified Memory ,,Mac OS ,1 TB SSD36.07 ,4.8,"₹2,22,990", 14.2 
Ultimus,UltimusS151CeleronDualCore-,Intel Celeron Dual Core ,4 GB LPDDR4 ,,DOS ,128 GB SSD35.81 ,4.2,"₹15,990", 14.1 
DELL,DELLInspironCorei311thGen,, 2 Cores,," & Storage: 8GB DDR4 & 1TB + 256GB SSDGraphics & Keyboard: Integrated & Standard KeyboardDisplay: 15.6"" FHD WVA AG Narrow BorderPorts: 2x USB 3.2 Gen1 ,1x USB 2.0, HDMI 1.4, SD Card reader, Audio jack, 1 M.2 2230/2280 slot for solid-state drive/Intel OptaneIntel Core i3 ", & Storage: 8GB DDR4 & 1TB + 256GB SSDGraphics & Keyboard: Integrated & Standard Keyboard,4.3,"₹45,900", & Storage: 8GB DDR4 & 1TB + 256GB SSDGraphics & Keyboard: Integrated & Standard Keyboard
ASUS,ASUSZenbook13IntelEVOCore,Intel Core i7 ,16 GB LPDDR4X ,11th Gen,64 bit Windows 11 ,512 GB SSD33.78 ,4.3,"₹79,990", 13.3  
ASUS,ASUSVivobook14(2022)Corei5,Intel Core i5 ,8 GB DDR4 ,12th Gen,Windows 11 ,512 GB SSD35.56 ,4.4,"₹56,990", 14 
DELL,DELLInspironRyzen3DualCore,AMD Ryzen 3 Dual Core ,8 GB DDR4 ,,64 bit Windows 11 ,256 GB SSD39.62 ,4.2,"₹34,990", 15.6 
DELL,DELLInspironCorei311thGen,Intel Core i3 ,8 GB DDR4 ,11th Gen,64 bit Windows 11 ,512 GB SSD39.62 ,3.4,"₹43,580", 15.6 
Lenovo,LenovoYoga6Ryzen5Hexa,AMD Ryzen 5 Hexa Core ,16 GB DDR4 ,,64 bit Windows 10 ,512 GB SSD33.78 ,5.0,"₹74,990", 13.3 
Lenovo,LenovoIdeapadSlim3Corei3,Intel Core i3 ,8 GB DDR4 ,10th Gen,64 bit Windows 10 ,512 GB SSD39.62 ,4.3,"₹37,490", 15.6 
Infinix,InfinixINBookX1NeoSeriesCeleron,Intel Celeron Quad Core ,4 GB LPDDR4X ,,64 bit Windows 11 ,128 GB SSD35.56 ,4.2,"₹20,990", 14 
MSI,MSICrosshair15Corei712th,Intel Core i7 ,16 GB DDR4 ,12th Gen,64 bit Windows 11 ,512 GB SSD39.62 ,4.6,"₹1,09,990", 15.6 
ASUS,ASUSZenbook13IntelEVOCore,Intel Core i5 ,16 GB LPDDR4 ,11th Gen,64 bit Windows 11 ,512 GB SSD33.78 ,4.7,"₹71,990", 13.3  
Infinix,InfinixX1SlimSeriesCorei3,Intel Core i3 ,8 GB LPDDR4X ,10th Gen,64 bit Windows 11 ,512 GB SSD35.56 ,4.3,"₹32,990", 14 
MSI,MSIModern14Ryzen5Hexa,AMD Ryzen 5 Hexa Core ,8 GB DDR4 ,,64 bit Windows 10 ,512 GB SSD35.56 ,4.5,"₹43,990", 14 
acer,acerRyzen3DualCore3250U,AMD Ryzen 3 Dual Core ,8 GB DDR4 ,,64 bit Windows 11 ,256 GB SSD35.56 ,3.9,"₹25,990", 14 
ASUS,ASUSTUFGamingF15Corei9,Intel Core i9 ,16 GB DDR4 ,11th Gen,64 bit Windows 10 ,1 TB SSD39.62 ,4.4,"₹1,22,990", 15.6 
acer,acerAspire7Corei512th,Intel Core i5 ,16 GB DDR4 ,12th Gen,Windows 11 ,512 GB SSD39.62 ,4.3,"₹68,990", 15.6  
acer,acerAspire7Corei512th,Intel Core i5 ,8 GB DDR4 ,12th Gen,64 bit Windows 11 ,512 GB SSD39.62 ,4.3,"₹59,990", 15.6  
acer,acerAspire3Ryzen5Quad,AMD Ryzen 5 Quad Core ,8 GB DDR4 ,,64 bit Windows 10 ,512 GB SSD39.62 ,4.4,"₹39,990", 15.6 
ASUS,ASUSVivoBook15Corei310th,Intel Core i3 ,8 GB DDR4 ,10th Gen,64 bit Windows 10 ,1 TB HDD39.62 ,4.0,"₹37,990", 15.6 
Lenovo,LenovoIdeaPad3CeleronDualCore,Intel Celeron Dual Core ,4 GB DDR4 ,4th Gen,64 bit Windows 10 ,256 GB SSD35.56 ,4.0,"₹25,950", 14 
realme,realmeBookPrimeCorei511th,Intel Core i5 ,16 GB LPDDR4X ,11th Gen,Windows 11 ,512 GB SSD35.56 ,4.2,"₹64,999", 14 
HP,HPPavilionRyzen5HexaCore,AMD Ryzen 5 Hexa Core ,8 GB DDR4 ,,64 bit Windows 11 ,512 GB SSD39.62 ,4.4,"₹60,990", 15.6  
ASUS,ASUSVivobook15Corei311th,Intel Core i3 ,8 GB DDR4 ,11th Gen,64 bit Windows 11 ,512 GB SSD39.62 ,4.3,"₹36,990", 15.6 
SAMSUNG,SAMSUNGGalaxyBook2Corei512th,Intel Core i5 ,8 GB LPDDR4X ,12th Gen,64 bit Windows 11 ,256 GB SSD39.62 ,4.6,"₹59,990", 15.6  
APPLE,APPLE2021MacbookProM1Pro,Apple M1 Pro ,16 GB Unified Memory ,,Mac OS ,512 GB SSD41.15 ,4.8,"₹2,22,990", 16.2 
DELL,DELLCorei912thGen-,Intel Core i9 ,16 GB DDR5 ,12th Gen,64 bit Windows 11 ,1 TB SSD39.62 ,4.4,"₹2,35,283", 15.6  
DELL,DELLVostroCorei310thGen,Intel Core i3 ,8 GB DDR4 ,10th Gen,64 bit Windows 11 ,512 GB SSD39.62 ,4.0,"₹38,990", 15.6  
ASUS,ASUSVivobookPro15Ryzen7,AMD Ryzen 7 Octa Core ,16 GB DDR4 ,,64 bit Windows 11 ,512 GB SSD39.62 ,4.5,"₹67,990", 15.6  
MSI,MSIKatanaGF66Corei512th,Intel Core i5 ,16 GB DDR4 ,12th Gen,64 bit Windows 11 ,512 GB SSD39.62 ,4.5,"₹79,990", 15.6  
ASUS,ASUSVivobookPro15OLEDCore,Intel Core i5 ,16 GB LPDDR5 ,12th Gen,64 bit Windows 11 ,512 GB SSD39.62 ,4.3,"₹89,990", 15.6  
ASUS,ASUSROGZephyrusM16(2022)Core,Intel Core i9 ,32 GB DDR5 ,12th Gen,64 bit Windows 11 ,1 TB SSD40.64 ,4.7,"₹2,41,990", 16  
ASUS,ASUSCorei510thGen-,Intel Core i5 ,8 GB DDR4 ,10th Gen,Windows 11 ,512 GB SSD35.56 ,4.3,"₹43,490", 14 
realme,realmeBook(Slim)Corei311th,Intel Core i3 ,8 GB DDR4 ,11th Gen,64 bit Windows 10 ,256 GB SSD35.56 ,4.4,"₹46,990", 14 
Vaio,VaioESeriesRyzen5Quad,AMD Ryzen 5 Quad Core ,8 GB DDR4 ,,64 bit Windows 10 ,512 GB SSD39.62 ,4.0,"₹40,990", 15.6 
APPLE,APPLE2020MacbookAirM1-,Apple M1 ,8 GB DDR4 ,,Mac OS ,256 GB SSD33.78 ,4.7,"₹94,990", 13.3 
MSI,MSIPulseGL66Corei711th,Pre-installed Genuine Windows 10 Home OSIntel Core i7 ,16 GB DDR4 ,11th Gen,64 bit Windows 10 ,1 TB SSD39.62 ,4.5,"₹1,14,990", 15.6 
APPLE,APPLE2022MacBookProM2-,Apple M2 ,8 GB Unified Memory ,,Mac OS ,256 GB SSD33.78 ,4.6,"₹1,21,990", 13.3  
ASUS,ASUSEeeBook14withNumberPadPentium,Intel Pentium Silver ,8 GB DDR4 ,,64 bit Windows 11 ,256 GB SSD35.56 ,4.1,"₹27,990", 14  
DELL,DELLInspironRyzen3DualCore,AMD Ryzen 3 Dual Core ,8 GB DDR4 ,,64 bit Windows 11 ,512 GB SSD39.62 ,4.2,"₹40,190", 15.6  
Lenovo,LenovoRyzen3DualCore3rd,AMD Ryzen 3 Dual Core ,8 GB DDR4 ,3rd Gen,Windows 11 ,512 GB SSD39.62 ,4.1,"₹34,990", 15.6 
ASUS,ASUSZenBookDuo14(2021)Touch,Intel Core i7 ,16 GB LPDDR4X ,11th Gen,64 bit Windows 10 ,1 TB SSD35.56 ,4.7,"₹94,990", 14 
Lenovo,LenovoLegion5Corei510th,Intel Core i5 ,8 GB DDR4 ,10th Gen,64 bit Windows 11 ,512 GB SSD39.62 ,4.4,"₹69,990", 15.6 
ASUS,ASUSTUFGamingF15Corei5,Intel Core i5 ,8 GB DDR4 ,10th Gen,64 bit Windows 11 ,512 GB SSD39.62 ,4.3,"₹59,990", 15.6 
ASUS,ASUSVivobook14(2022)Corei5,Intel Core i5 ,16 GB DDR4 ,12th Gen,64 bit Windows 11 ,512 GB SSD35.56 ,5.0,"₹66,990", 14  Touchscreen 
ASUS,ASUSZenbookFlip13OLEDTouch,Intel Core i7 ,16 GB LPDDR4X ,11th Gen,64 bit Windows 11 ,512 GB SSD33.78 ,4.0,"₹1,04,990", 13.3  Touchscreen 
DELL,DELLInspironCorei311thGen,,,," & Storage: 8GB DDR4 (2 DIMM Slots) & 256GB SSDSoftware: Win 11 + Office H&S 2021Display: 14.0"" FHD WVA Truelife Touch Narrow Border 60HzPorts: ""1 HDMI out 1.4a, 2 USB 3.2 Gen 1 Type-A, 1 USB 3.2 Gen 2 Type-C with Power Delivery and Video, 1 DC-in port, 1 3.5mm Headphone/Microphone combination jack""WiFi & BT: Intel Wi-Fi 6 2x2 (Gig+) and Bluetooth 5.1Intel Core i3 ", & Storage: 8GB DDR4 (2 DIMM Slots) & 256GB SSDSoftware: Win 11 + Office H&S 2021,4.3,"₹54,900", & Storage: 8GB DDR4 2 DIMM Slots & 256GB SSDSoftware: Win 11 + Office H&S 2021
Lenovo,LenovoLenovoLegion5ProRyzen,AMD Ryzen 7 Octa Core ,16 GB DDR4 ,,64 bit Windows 11 ,1 TB SSD40.64 ,4.7,"₹1,36,990", 16 
DELL,DELLInspironRyzen5DualCore,,,," & Storage: 8GB DDR4 (2 DIMM Slots) & 512GB SSDSoftware: Win 11 + Office H&S 2021Display: 15.6"" FHD WVA AG Narrow BorderPorts: ""2x USB 3.2 Gen1 ,1x USB 2.0, HDMI 1.4b, SD Card reader, Audio jackWiFi & BT: 802.11ac 1x1 WiFi and BluetoothAMD Ryzen 5 Dual Core ", & Storage: 8GB DDR4 (2 DIMM Slots) & 512GB SSDSoftware: Win 11 + Office H&S 2021,4.3,"₹48,184", & Storage: 8GB DDR4 2 DIMM Slots & 512GB SSDSoftware: Win 11 + Office H&S 2021
ASUS,ASUSVivobookS14OLED(2022)Intel,Intel Core i5 ,16 GB DDR4 ,12th Gen,64 bit Windows 11 ,512 GB SSD35.56 ,4.5,"₹74,990", 14  
acer,acerAspireVero(GreenPC)Core,Intel Core i5 ,8 GB DDR4 ,11th Gen,64 bit Windows 11 ,512 GB SSD39.62 ,4.8,"₹60,990", 15.6 
HP,HPRyzen5HexaCore5500U,AMD Ryzen 5 Hexa Core ,8 GB DDR4 ,,64 bit Windows 11 ,512 GB SSD35.56 ,4.2,"₹49,990", 14 
DELL,DELLCorei511thGen-,"NVIDIA RTX 3050 Graphics upto 90W TGP15.6 inch Full HD AG Display (250 nits Brightness, 120Hz, Narrow Border)Alienware Command CenterIntel Core i5 ",8 GB DDR4 ,11th Gen,64 bit Windows 11 ,512 GB SSD39.62 ,4.4,"₹67,990", 15.6 
Lenovo,LenovoIdeapadSlim3i(2021)Core,Intel Core i5 ,8 GB DDR4 ,11th Gen,64 bit Windows 10 ,512 GB SSD35.56 ,4.3,"₹58,000", 14  
Infinix,InfinixINBookX1Corei310th,Intel Core i3 ,8 GB LPDDR4X ,10th Gen,64 bit Windows 11 ,256 GB SSD35.56 ,4.3,"₹29,990", 14 
ASUS,ASUSROGFlowX13Ryzen7,AMD Ryzen 7 Octa Core ,16 GB LPDDR5 ,,64 bit Windows 11 ,1 TB SSD34.04 ,4.6,"₹1,14,990", 13.4  Touchscreen 
HP,HPRyzen3DualCore3250U,AMD Ryzen 3 Dual Core ,8 GB DDR4 ,,64 bit Windows 11 ,512 GB SSD39.62 ,4.3,"₹33,990", 15.6 
ASUS,ASUSVivoBookK15OLED(2022)Ryzen,AMD Ryzen 5 Hexa Core ,16 GB DDR4 ,,64 bit Windows 11 ,512 GB SSD39.62 ,4.4,"₹64,990", 15.6 
Lenovo,LenovoLegion5Corei511th,Intel Core i5 ,16 GB DDR4 ,11th Gen,64 bit Windows 11 ,512 GB SSD39.62 ,4.3,"₹79,990", 15.6 
ASUS,ASUSRyzen5DualCore5th,AMD Ryzen 5 Dual Core ,8 GB DDR4 ,5th Gen,Windows 11 ,512 GB SSD39.62 ,4.5,"₹56,990", 15.6 
HP,HPEnvyx360Ryzen5Hexa,AMD Ryzen 5 Hexa Core ,16 GB DDR4 ,,64 bit Windows 11 ,512 GB SSD33.78 ,4.7,"₹81,990", 13.3 
MSI,MSIGP66LeopardCorei711th,Intel Core i7 ,16 GB DDR4 ,11th Gen,64 bit Windows 10 ,1 TB SSD39.62 ,4.5,"₹1,29,990", 15.6 
DELL,DELLInspironRyzen3DualCore,AMD Ryzen 3 Dual Core ,8 GB DDR4 ,,64 bit Windows 10 ,1 TB HDD39.62 ,4.0,"₹38,990", 15.6 
HP,HPPavilionGamingRyzen7Octa,AMD Ryzen 7 Octa Core ,16 GB DDR4 ,,64 bit Windows 10 ,1 TB HDD|256 GB SSD39.62 ,4.5,"₹79,990", 15.6 
APPLE,APPLE2022MacBookAIRM2-,Apple M2 ,8 GB Unified Memory ,,Mac OS ,512 GB SSD34.54 ,4.7,"₹1,39,990", 13.6  
ASUS,ASUSTUFGamingF17(2022)with,Intel Core i7 ,16 GB DDR5 ,12th Gen,64 bit Windows 11 ,1 TB SSD43.94 ,4.1,"₹1,09,990", 17.3 
ASUS,ASUSROGZephyrusG15(2022)with,AMD Ryzen 9 Octa Core ,16 GB DDR5 ,,Windows 11 ,1 TB SSD39.62 ,4.8,"₹1,54,990", 15.6  
Lenovo,LenovoIdeaPadCorei511thGen,Intel Core i5 ,16 GB DDR4 ,11th Gen,64 bit Windows 11 ,512 GB SSD39.62 ,4.2,"₹62,990", 15.6  
ASUS,ASUSVivoBook14(2022)Corei3,Intel Core i3 ,8 GB DDR4 ,12th Gen,Windows 11 ,512 GB SSD35.56 ,4.4,"₹47,990", 14 
DELL,DELLRyzen3QuadCore5425U,AMD Ryzen 3 Quad Core ,8 GB DDR4 ,,64 bit Windows 11 ,512 GB SSD39.62 ,4.6,"₹43,667", 15.6  
ASUS,ASUSROGStrixG15(2022)with,AMD Ryzen 7 Octa Core ,16 GB DDR5 ,,Windows 11 ,1 TB SSD39.62 ,4.5,"₹1,35,990", 15.6 
ASUS,ASUSROGStrixG15(2022)Ryzen,AMD Ryzen 7 Octa Core ,16 GB DDR5 ,,64 bit Windows 11 ,512 GB SSD39.62 ,4.4,"₹98,990", 15.6  
Infinix,InfinixX1SeriesCorei710th,Intel Core i7 ,16 GB LPDDR4X ,10th Gen,64 bit Windows 11 ,512 GB SSD35.56 ,4.2,"₹46,990", 14  
ASUS,ASUSVivoBookCorei311thGen,Intel Core i3 ,8 GB DDR4 ,11th Gen,64 bit Windows 11 ,256 GB SSD35.56 ,4.3,"₹35,990", 14  
ASUS,ASUSTUFGamingF17(2022)Core,Intel Core i7 ,16 GB DDR5 ,12th Gen,64 bit Windows 11 ,1 TB SSD43.94 ,4.3,"₹1,09,990", 17.3 
APPLE,APPLE2022MacBookAIRM2-,Apple M2 ,8 GB Unified Memory ,,Mac OS ,512 GB SSD34.54 ,4.3,"₹1,39,990", 13.6  
DELL,DELLCorei512thGen-,Intel Core i5 ,8 GB DDR4 ,12th Gen,64 bit Windows 11 ,512 GB SSD35.56 ,4.8,"₹74,770", 14  Touchscreen 
HP,HPRyzen3QuadCore5300U,AMD Ryzen 3 Quad Core ,8 GB DDR4 ,,64 bit Windows 11 ,512 GB SSD35.56 ,4.3,"₹40,799", 14  
ASUS,ASUSTUFGamingF15Corei5,Intel Core i5 ,16 GB DDR4 ,10th Gen,64 bit Windows 10 ,512 GB SSD39.62 ,4.5,"₹69,490", 15.6 
ASUS,ASUSVivobookUltra14(2022)Core,Intel Core i3 ,8 GB DDR4 ,11th Gen,64 bit Windows 11 ,512 GB SSD35.56 ,4.2,"₹39,990", 14 
ASUS,ASUSZenbookS13OLEDRyzen,AMD Ryzen 5 Hexa Core ,16 GB LPDDR5 ,,Windows 11 ,512 GB SSD33.78 ,4.8,"₹99,990", 13.3  Touchscreen 
APPLE,APPLE2021MacbookProM1Pro,Apple M1 Pro ,16 GB Unified Memory ,,Mac OS ,1 TB SSD41.15 ,4.8,"₹2,41,990", 16.2 
acer,acerExtensaCorei511thGen,Intel Core i5 ,8 GB DDR4 ,11th Gen,64 bit Windows 11 ,512 GB SSD39.62 ,3.9,"₹40,990", 15.6  
HP,HP15sCorei511thGen,Intel Core i5 ,8 GB DDR4 ,11th Gen,64 bit Windows 10 ,512 GB SSD39.62 ,4.4,"₹60,390", 15.6 
HP,HPPavilionGamingCorei511th,Intel Core i5 ,8 GB DDR4 ,11th Gen,64 bit Windows 10 ,1 TB HDD|256 GB SSD39.62 ,4.4,"₹69,990", 15.6 
ASUS,ASUSCorei312thGen-,Intel Core i3 ,8 GB DDR4 ,12th Gen,64 bit Windows 11 ,256 GB SSD35.56 ,4.0,"₹44,990", 14  
ASUS,ASUSCorei510thGen-,Intel Core i5 ,8 GB DDR4 ,10th Gen,Windows 11 ,256 GB SSD39.62 ,4.7,"₹44,990", 15.6 
HP,HPRyzen5HexaCore5500U,AMD Ryzen 5 Hexa Core ,16 GB DDR4 ,,64 bit Windows 11 ,512 GB SSD39.62 ,4.3,"₹55,990", 15.6  
Lenovo,LenovoYogaSlim7ProCore,Intel Core i5 ,16 GB LPDDR4X ,11th Gen,64 bit Windows 11 ,512 GB SSD35.56 ,4.4,"₹74,990", 14  
ASUS,ASUSTUFGamingF15Corei5,Intel Core i5 ,8 GB DDR4 ,10th Gen,64 bit Windows 11 ,1 TB SSD39.62 ,4.5,"₹59,990", 15.6 
APPLE,APPLE2021MacbookProM1Pro,Apple M1 Pro ,16 GB Unified Memory ,,Mac OS ,512 GB SSD41.15 ,4.8,"₹2,22,990", 16.2 
acer,acerNitro5Ryzen5Hexa,AMD Ryzen 5 Hexa Core ,8 GB DDR4 ,,64 bit Windows 11 ,512 GB SSD39.62 ,4.3,"₹62,990", 15.6  
MSI,MSIGF63ThinCorei59th,Intel Core i5 ,8 GB DDR4 ,9th Gen,64 bit Windows 10 ,512 GB SSD39.62 ,4.5,"₹58,499", 15.6 
Lenovo,LenovoIdeaPadGaming3Corei5,Intel Core i5 ,8 GB DDR4 ,10th Gen,64 bit Windows 10 ,1 TB HDD|256 GB SSD39.62 ,4.3,"₹65,990", 15.6 
DELL,DELLG15Corei712thGen,Intel Core i7 ,16 GB DDR5 ,12th Gen,64 bit Windows 11 ,512 GB SSD39.62 ,4.0,"₹1,11,990", 15.6  
Lenovo,LenovoIdeaPad5Corei512th,Intel Core i5 ,16 GB DDR4 ,12th Gen,64 bit Windows 11 ,512 GB SSD39.62 ,3.7,"₹68,490", 15.6 
ASUS,ASUSExpertBookP2Corei510th,Intel Core i5 ,8 GB DDR4 ,10th Gen,64 bit Windows 10 ,1 TB HDD35.56 ,4.3,"₹83,990", 14 
acer,acerAspire7Corei512th,Intel Core i5 ,8 GB DDR4 ,12th Gen,64 bit Windows 11 ,512 GB SSD39.62 ,4.3,"₹54,990", 15.6 
ASUS,ASUSChromebookFlipTouchCeleronDual,Intel Celeron Dual Core ,4 GB LPDDR4 ,,Chrome ,29.46 ,4.0,"₹14,990", 11.6 
APPLE,APPLEMacBookProM1-(8,Apple M1 ,8 GB DDR4 ,,Mac OS ,1 TB SSD33.78 ,4.7,"₹1,49,990", 13.3 
DELL,DELLVostroCorei511thGen,,: 11th Generation Intel Core i5-1135G7 ,11th Gen ,: 11th Generation Intel Core i5-1135G7 ,: 11th Generation Intel Core i5-1135G7 ,3.9,"₹63,090",: 11th Generation Intel Core i5-1135G7 
MSI,MSIVectorGP66Corei712th,Intel Core i7 ,16 GB DDR5 ,12th Gen,64 bit Windows 11 ,1 TB SSD39.62 ,4.3,"₹2,00,000", 15.6 
Lenovo,LenovoIdeaPad3Corei311th,Intel Core i3 ,8 GB DDR4 ,11th Gen,64 bit Windows 11 ,256 GB SSD39.62 ,5.0,"₹37,390", 15.6  
ASUS,ASUSVivoBookFlip14Corei5,Intel Core i5 ,8 GB LPDDR4X ,11th Gen,Windows 11 ,512 GB SSD35.56 ,4.5,"₹63,990", 14 
DELL,DELLVostroCorei310thGen,,: 10th Generation Intel Core i3-1005G1 ,: 10th Generation Intel Core i3-1005G1 ,: 10th Generation Intel Core i3-1005G1 ,: 10th Generation Intel Core i3-1005G1 ,4.1,"₹43,090",: 10th Generation Intel Core i3-1005G1 
Lenovo,LenovoThinkPadE15Corei311th,Intel Core i3 ,4 GB DDR4 ,11th Gen,64 bit Windows 10 ,256 GB SSD39.62 ,4.1,"₹44,700", 15.6 
HP,HPIntelCorei311thGen,Intel Core i3 ,8 GB DDR4 ,11th Gen,64 bit Windows 10 ,256 GB SSD35.56 ,4.4,"₹41,150", 14 
ASUS,ASUSRyzen3DualCore-,AMD Ryzen 3 Dual Core ,8 GB DDR4 ,,Windows 11 ,256 GB SSD39.62 ,4.0,"₹33,990", 15.6 
MSI,MSICorei712thGen-,Intel Core i7 ,16 GB DDR5 ,12th Gen,64 bit Windows 11 ,1 TB SSD43.94 ,4.4,"₹1,90,890", 17.3  
ASUS,ASUSROGFlowZ13(2022)Core,Intel Core i9 ,16 GB LPDDR5 ,12th Gen,64 bit Windows 11 ,1 TB SSD34.04 ,4.5,"₹1,74,990", 13.4  Touchscreen 
HP,HPOMENRyzen7OctaCore,AMD Ryzen 7 Octa Core ,16 GB DDR4 ,,64 bit Windows 11 ,1 TB SSD40.89 ,3.5,"₹1,18,990", 16.1 
ASUS,ASUSTUFGAMINGF15Corei5,Intel Core i5 ,16 GB DDR4 ,10th Gen,64 bit Windows 11 ,512 GB SSD39.62 ,4.5,"₹63,980", 15.6 
acer,acerAspire5Ryzen5Hexa,AMD Ryzen 5 Hexa Core ,8 GB DDR4 ,,64 bit Windows 11 ,512 GB SSD39.62 ,4.4,"₹54,300", 15.6 
DELL,DELLInspironRyzen3DualCore,AMD Ryzen 3 Dual Core ,8 GB DDR4 ,,64 bit Windows 11 ,256 GB SSD39.62 ,4.2,"₹36,400", 15.6  
ASUS,ASUSVivobook15Corei38th,Intel Core i3 ,4 GB DDR4 ,8th Gen,64 bit Windows 10 ,256 GB SSD39.62 ,4.3,"₹28,590", 15.6 
DELL,DELLRyzen5HexaCore-,AMD Ryzen 5 Hexa Core ,16 GB DDR4 ,,Windows 11 ,512 GB SSD40.64 ,4.2,"₹69,999", 16 
ASUS,ASUSROGStrixSCAR15(2022),Intel Core i9 ,32 GB DDR5 ,12th Gen,64 bit Windows 11 ,1 TB SSD39.62 ,5.0,"₹3,01,990", 15.6 
Lenovo,LenovoIdeaPad3Corei311th,Intel Core i3 ,8 GB DDR4 ,11th Gen,Windows 11 ,256 GB SSD38.1 ,4.2,"₹37,000", 15 
Lenovo,LenovoThinkBook13sCorei511th,Intel Core i5 ,16 GB DDR4 ,11th Gen,64 bit Windows 10 ,512 GB SSD33.02 ,4.2,"₹64,990", 13 
DELL,DELLVostroCorei311thGen,Intel Core i3 ,8 GB DDR4 ,11th Gen,64 bit Windows 11 ,256 GB SSD38.0 ,4.3,"₹42,690", 14.96  
ASUS,ASUSROGStrixG15(2022)with,AMD Ryzen 7 Octa Core ,16 GB DDR5 ,,Windows 11 ,1 TB SSD39.62 ,5.0,"₹1,40,990", 15.6 
Lenovo,LenovoCorei311thGen-,Intel Core i3 ,4 GB DDR4 ,11th Gen,64 bit Windows 10 ,256 GB SSD38.1 ,4.3,"₹38,990", 15 
HP,HPSpectreCorei712thGen,Intel Core i7 ,16 GB LPDDR4X ,12th Gen,64 bit Windows 11 ,512 GB SSD34.29 ,4.1,"₹1,28,990", 13.5 
acer,acerAspireCorei312thGen,Intel Core i3 ,8 GB DDR4 ,12th Gen,64 bit Windows 11 ,512 GB SSD39.62 ,4.6,"₹54,999", 15.6 
acer,acerAspire5Corei511th,Intel Core i5 ,8 GB DDR4 ,11th Gen,64 bit Windows 10 ,1 TB HDD|256 GB SSD39.62 ,4.1,"₹60,130", 15.6 
acer,acerAspire3PentiumSilver-,Intel Pentium Silver ,8 GB DDR4 ,,64 bit Windows 11 ,256 GB SSD35.56 ,4.3,"₹29,490", 14 
DELL,DELLInspironCorei511thGen,Intel Core i5 ,8 GB DDR4 ,11th Gen,64 bit Windows 11 ,512 GB SSD35.56 ,4.1,"₹72,490", 14  Touchscreen 
GIGABYTE,GIGABYTEG5GDCorei511th,Intel Core i5 ,16 GB DDR4 ,11th Gen,64 bit Windows 11 ,512 GB SSD39.62 ,5.0,"₹73,990", 15.6  
acer,acerAspire5Corei511th,Free upgrade to Windows 11 when availableIntel Core i5 ,8 GB DDR4 ,11th Gen,64 bit Windows 10 ,1 TB HDD39.62 ,4.0,"₹47,130", 15.6 
Lenovo,LenovoIdeapadSlim5Ryzen7,AMD Ryzen 7 Octa Core ,8 GB DDR4 ,,64 bit Windows 10 ,512 GB SSD35.56 ,4.4,"₹55,600", 14 
DELL,DELLVostroRyzen5QuadCore,AMD Ryzen 5 Quad Core ,8 GB DDR4 ,,64 bit Windows 10 ,512 GB SSD35.56 ,4.4,"₹49,690", 14 
ASUS,ASUSStudiobookProCorei712th,Intel Core i7 ,32 GB DDR5 ,12th Gen,64 bit Windows 11 ,1 TB SSD40.64 ,4.0,"₹2,39,990", 16 
MSI,MSIKatanaGF66Corei511th,Intel Core i5 ,16 GB DDR4 ,11th Gen,64 bit Windows 10 ,512 GB SSD39.62 ,4.5,"₹73,990", 15.6  
HP,HP14sRyzen5HexaCore,AMD Ryzen 5 Hexa Core ,8 GB DDR4 ,,64 bit Windows 10 ,512 GB SSD35.56 ,4.4,"₹52,490", 14  
HP,HPCorei311thGen-,Intel Core i3 ,8 GB DDR4 ,11th Gen,Windows 11 ,512 GB SSD39.62 ,4.3,"₹41,990", 15.6 
ASUS,ASUSVivobook14PentiumQuadCore,Intel Pentium Quad Core ,8 GB DDR4 ,,64 bit Windows 11 ,256 GB SSD35.56 ,4.3,"₹29,990", 14 
Nokia,NokiaPureBookX14Corei510th,Intel Core i5 ,8 GB DDR4 ,10th Gen,64 bit Windows 10 ,512 GB SSD35.56 ,4.4,"₹50,490", 14 
acer,acerPredatorHelios300Corei7,Intel Core i7 ,16 GB DDR4 ,11th Gen,64 bit Windows 10 ,1 TB HDD|512 GB SSD39.62 ,4.4,"₹96,490", 15.6 
MSI,MSIPrestige14IntelEVOCore,Intel Core i5 ,16 GB LPDDR4X ,11th Gen,64 bit Windows 10 ,512 GB SSD35.56 ,4.5,"₹74,990", 14 
ASUS,ASUSCorei510thGen-,Intel Core i5 ,8 GB DDR4 ,10th Gen,64 bit Windows 10 ,512 GB SSD39.62 ,4.2,"₹51,990", 15.6 
ASUS,ASUSRyzen5HexaCore-,AMD Ryzen 5 Hexa Core ,8 GB DDR4 ,,64 bit Windows 10 ,1 TB HDD|256 GB SSD39.62 ,4.2,"₹71,345", 15.6 
ASUS,ASUSTUFGamingF15Corei7,Intel Core i7 ,16 GB DDR4 ,11th Gen,64 bit Windows 10 ,1 TB SSD39.62 ,4.5,"₹1,01,490", 15.6 
MSI,MSIStealthGS66Corei712th,Intel Core i7 ,32 GB DDR5 ,12th Gen,64 bit Windows 11 ,1 TB SSD39.62 ,4.1,"₹2,74,990", 15.6  
ASUS,ASUSROGZephyrusG15(2022)with,AMD Ryzen 9 Octa Core ,16 GB DDR5 ,,64 bit Windows 11 ,1 TB SSD39.62 ,4.3,"₹1,99,990", 15.6 
DELL,DELLVostroCorei311thGen,Intel Core i3 ,8 GB DDR4 ,11th Gen,64 bit Windows 10 ,256 GB SSD35.56 ,3.9,"₹41,090", 14  
Lenovo,LenovoIdeapadSlim3i(2021)Core,Intel Core i5 ,8 GB DDR4 ,11th Gen,64 bit Windows 10 ,256 GB SSD39.62 ,4.3,"₹50,499", 15.6 
HP,HPVictusRyzen7OctaCore,AMD Ryzen 7 Octa Core ,8 GB DDR4 ,,64 bit Windows 11 ,512 GB SSD40.89 ,4.3,"₹78,950", 16.1 
Lenovo,LenovoIdeaPadFlex5Ryzen5,AMD Ryzen 5 Hexa Core ,16 GB LPDDR4X ,,64 bit Windows 11 ,512 GB SSD35.56 ,4.1,"₹67,990", 14 
ASUS,ASUSROGStrixG15(2022)with,AMD Ryzen 9 Octa Core ,16 GB DDR4 ,,64 bit Windows 11 ,1 TB SSD39.62 ,4.0,"₹1,87,990", 15.6  
Lenovo,LenovoYogaSlim7IntelEVO,Intel Core i7 ,16 GB DDR4 ,11th Gen,64 bit Windows 10 ,1 TB SSD35.56 ,4.2,"₹1,02,990", 14 
ASUS,ASUSExpertBookCorei311thGen,Intel Core i3 ,4 GB DDR4 ,11th Gen,64 bit DOS ,256 GB SSD39.62 ,4.4,"₹35,990", 15.6 
HP,HP15sRyzen5QuadCore,AMD Ryzen 5 Quad Core ,8 GB DDR4 ,,64 bit Windows 10 ,512 GB SSD39.62 ,4.4,"₹52,575", 15.6 
DELL,DELLInspironRyzen5QuadCore,AMD Ryzen 5 Quad Core ,8 GB DDR4 ,,64 bit Windows 11 ,512 GB SSD39.62 ,4.0,"₹50,990", 15.6 
Lenovo,LenovoCorei511thGen-,Intel Core i5 ,16 GB DDR4 ,11th Gen,Windows 10 ,512 GB SSD39.62 ,4.5,"₹60,125", 15.6 
Lenovo,LenovoIdeaPad1CeleronDualCore,Intel Celeron Dual Core ,4 GB DDR4 ,4th Gen,64 bit Windows 10 ,256 GB SSD29.46 ,3.9,"₹26,490", 11.6 
HP,HPVictusRyzen7OctaCore,AMD Ryzen 7 Octa Core ,8 GB DDR4 ,,64 bit Windows 11 ,512 GB SSD40.89 ,4.1,"₹80,249", 16.1  
acer,acerPredatorHelios300Corei5,"Pre-installed Genuine Windows 10 Operating System (Includes Built-in Security, Free Automated Updates, Latest Features)Dual Fan Cooling with Metal AeroBlade 3D128 GB SSD for Reduced Boot Up Time and in Game LoadingUpgradable SSD Upto 512 GB and RAM Upto 32 GBNVIDIA Geforce GTX 1050Ti for Desktop Level PerformanceIntel Core i5 ",8 GB DDR4 ,7th Gen,64 bit Windows 10 ,1 TB HDD|128 GB SSD39.62 ,4.5,"₹1,29,999", 15.6 
ASUS,ASUSROGZephyrusG14Ryzen7,AMD Ryzen 7 Octa Core ,8 GB DDR4 ,4th Gen,64 bit Windows 10 ,1 TB SSD35.56 ,4.4,"₹76,990", 14 
ASUS,ASUSVivobook15Corei311th,Intel Core i3 ,8 GB DDR4 ,11th Gen,64 bit Windows 10 ,512 GB SSD39.62 ,4.2,"₹36,990", 15.6 
MSI,MSIPulseGL66Corei711th,Pre-installed Genuine Windows 10 Home OSIntel Core i7 ,16 GB DDR4 ,11th Gen,64 bit Windows 10 ,512 GB SSD39.62 ,4.6,"₹1,07,790", 15.6 
DELL,DELLInspironCorei511thGen,Intel Core i5 ,16 GB DDR4 ,11th Gen,64 bit Windows 11 ,512 GB SSD35.56 ,4.2,"₹75,990", 14 
ASUS,ASUSZenBookDuo14(2021)Touch,Intel Core i5 ,16 GB LPDDR4X ,11th Gen,64 bit Windows 10 ,512 GB SSD35.56 ,4.5,"₹95,990", 14 
acer,aceraspire5gamingCorei5,Intel Core i5 ,8 GB DDR4 ,12th Gen,64 bit Windows 11 ,512 GB SSD39.62 ,3.7,"₹61,999", 15.6 
HP,HPCeleronDualCore-(8,Intel Celeron Dual Core ,8 GB DDR4 ,,64 bit Windows 11 ,256 GB SSD35.56 ,4.4,"₹28,990", 14 
Lenovo,LenovoIdeaPadGaming3Corei5,Intel Core i5 ,8 GB DDR4 ,10th Gen,64 bit Windows 10 ,512 GB SSD39.62 ,4.3,"₹54,990", 15.6 
ASUS,ASUSCorei711thGen-,Intel Core i7 ,16 GB DDR4 ,11th Gen,Windows 11 ,512 GB SSD39.62 ,3.9,"₹56,990", 15.6 
ASUS,ASUSCorei511thGen-,Intel Core i5 ,8 GB DDR4 ,11th Gen,Windows 11 ,256 GB SSD35.56 ,5.0,"₹45,990", 14 
ASUS,ASUSVivobook14Corei311th,Intel Core i3 ,8 GB DDR4 ,11th Gen,64 bit Windows 11 ,512 GB SSD35.81 ,4.3,"₹38,216", 14.1 
MSI,MSIKatanaGF66Corei712th,Intel Core i7 ,8 GB DDR4 ,12th Gen,64 bit Windows 11 ,512 GB SSD39.62 ,4.1,"₹79,990", 15.6 
DELL,DELLInspiron3501Corei311th,Intel Core i3 ,4 GB DDR4 ,11th Gen,Windows 10 ,1 TB HDD|256 GB SSD39.62 ,4.6,"₹43,990", 15.6 
HP,HPVictusRyzen7OctaCore,AMD Ryzen 7 Octa Core ,16 GB DDR4 ,,64 bit Windows 11 ,1 TB SSD40.89 ,4.7,"₹1,08,250", 16.1 
ASUS,ASUSVivoBook15Corei310th,Intel Core i3 ,4 GB DDR4 ,10th Gen,64 bit Windows 10 ,1 TB HDD39.62 ,3.7,"₹28,990", 15.6 
MSI,MSICorei912thGen-,Intel Core i9 ,32 GB DDR5 ,12th Gen,64 bit Windows 11 ,2 TB SSD43.94 ,4.2,"₹3,89,990", 17.3  
DELL,DELLInspironCorei511thGen,Intel Core i5 ,16 GB DDR4 ,11th Gen,64 bit Windows 11 ,512 GB SSD39.62 ,3.7,"₹67,224", 15.6 
acer,acerNitro5Ryzen7Octa,AMD Ryzen 7 Octa Core ,16 GB DDR4 ,,64 bit Windows 10 ,1 TB HDD|256 GB SSD39.62 ,4.4,"₹1,14,990", 15.6 
ASUS,ASUSExpertBookP1Corei510th,Intel Core i5 ,4 GB DDR4 ,10th Gen,64 bit Windows 10 ,1 TB HDD35.56 ,4.3,"₹61,249", 14 
HP,HPPavilionIntelCorei512th,Intel Core i5 ,16 GB DDR4 ,12th Gen,64 bit Windows 11 ,512 GB SSD39.62 ,4.2,"₹69,990", 15.6  
Lenovo,LenovoThinkpadRyzen5HexaCore,AMD Ryzen 5 Hexa Core ,8 GB DDR4 ,,64 bit DOS ,512 GB SSD35.56 ,4.5,"₹69,990", 14 
Lenovo,LenovoIdeaPad3Ryzen3Dual,AMD Ryzen 3 Dual Core ,8 GB DDR4 ,,64 bit Windows 10 ,256 GB SSD39.62 ,4.4,"₹37,990", 15.6 
Infinix,InfinixX1SlimSeriesCorei5,Intel Core i5 ,8 GB LPDDR4X ,10th Gen,64 bit Windows 11 ,512 GB SSD35.56 ,4.2,"₹36,990", 14  
ASUS,ASUS(2022)CeleronDualCore-,Intel Celeron Dual Core ,4 GB DDR4 ,,64 bit Windows 11 ,128 GB SSD29.46 ,4.2,"₹29,980", 11.6  Touchscreen 
DELL,DELLInspironRyzen3DualCore,AMD Ryzen 3 Dual Core ,8 GB DDR4 ,,64 bit Windows 11 ,512 GB SSD39.62 ,4.2,"₹41,600", 15.6  
ASUS,ASUSTUFGamingF15Corei5,Intel Core i5 ,8 GB DDR4 ,10th Gen,64 bit Windows 11 ,512 GB SSD39.62 ,4.3,"₹61,986", 15.6  
HP,HPRyzen3DualCore3250U,AMD Ryzen 3 Dual Core ,8 GB DDR4 ,,64 bit Windows 11 ,256 GB SSD39.62 ,4.3,"₹38,999", 15.6 
Lenovo,LenovoIdeaPad3Corei310th,Intel Core i3 ,4 GB DDR4 ,10th Gen,Windows 11 ,256 GB SSD35.56 ,4.3,"₹31,990", 14  
ASUS,ASUSVivobook15Corei511th,Intel Core i5 ,8 GB DDR4 ,11th Gen,64 bit Windows 11 ,512 GB SSD39.62 ,4.1,"₹46,990", 15.6  
Infinix,InfinixINBookX1Corei510th,Intel Core i5 ,8 GB LPDDR4X ,10th Gen,64 bit Windows 11 ,512 GB SSD35.56 ,4.1,"₹37,990", 14 
acer,acerNitro5Ryzen5Hexa,Free upgrade to Windows 11 when availableAMD Ryzen 5 Hexa Core ,8 GB DDR4 ,,64 bit Windows 10 ,1 TB HDD|256 GB SSD39.62 ,4.5,"₹61,490", 15.6 
HP,HPOMEN15Ryzen7Octa,AMD Ryzen 7 Octa Core ,16 GB DDR4 ,,64 bit Windows 10 ,1 TB SSD39.62 ,4.6,"₹1,09,990", 15.6 
HP,HPPavilionRyzen5HexaCore,AMD Ryzen 5 Hexa Core ,8 GB DDR4 ,,64 bit Windows 11 ,512 GB SSD39.62 ,4.2,"₹54,990", 15.6  
Lenovo,LenovoIdeaPadRyzen5HexaCore,AMD Ryzen 5 Hexa Core ,8 GB DDR4 ,,64 bit Windows 10 ,512 GB SSD35.56 ,4.0,"₹50,990", 14 
MSI,MSIGF63ThinCorei59th,"15.6 inches Full HD IPS Thin Bezel Display (60Hz, 45% NTSC Color Gamut)Intel Core i5 ",8 GB DDR4 ,9th Gen,64 bit Windows 10 ,1 TB HDD39.62 ,4.2,"₹62,190", 15.6 
ASUS,ASUSChromebookFlipTouchCeleronDual,Intel Celeron Dual Core ,4 GB LPDDR4 ,,Chrome ,39.62 ,4.0,"₹24,390", 15.6 
Lenovo,LenovoIdeaPad3Corei310th,Intel Core i3 ,8 GB DDR4 ,10th Gen,64 bit Windows 11 ,1 TB HDD39.62 ,3.9,"₹36,990", 15.6 
HP,HPOMEN15Ryzen7Octa,AMD Ryzen 7 Octa Core ,16 GB DDR4 ,,64 bit Windows 10 ,1 TB SSD39.62 ,4.6,"₹1,59,990", 15.6 
ASUS,ASUSCorei311thGen-,Intel Core i3 ,4 GB DDR4 ,11th Gen,64 bit Windows 11 ,256 GB SSD35.56 ,4.0,"₹34,490", 14  
ASUS,ASUSRyzen9OctaCore10th,AMD Ryzen 9 Octa Core ,16 GB DDR4 ,10th Gen,Windows 11 ,512 GB SSD42.16 ,4.4,"₹99,990", 16.6 
ASUS,ASUSZenbookFlip13OLEDTouch,Intel Core i5 ,8 GB LPDDR4X ,11th Gen,64 bit Windows 11 ,512 GB SSD33.78 ,4.4,"₹79,990", 13.3  
HP,HP15sIntelCorei311th,Intel Core i3 ,8 GB DDR4 ,11th Gen,64 bit Windows 11 ,1 TB HDD|256 GB SSD39.62 ,4.1,"₹41,490", 15.6 
DELL,DELLRyzen7OctaCore6800H,AMD Ryzen 7 Octa Core ,16 GB DDR5 ,,Windows 11 ,1 TB SSD39.62 ,4.2,"₹2,06,581", 15.6  
ASUS,ASUSRyzen5HexaCore10th,AMD Ryzen 5 Hexa Core ,8 GB DDR4 ,10th Gen,Windows 11 ,512 GB SSD39.62 ,4.3,"₹59,990", 15.6 
acer,acerAspireVero(GreenPC)Core,Intel Core i5 ,16 GB DDR4 ,11th Gen,64 bit Windows 11 ,512 GB SSD39.62 ,4.3,"₹62,990", 15.6  
ASUS,ASUSROGZephyrusG15Ryzen9,AMD Ryzen 9 Octa Core ,16 GB DDR5 ,,64 bit Windows 11 ,1 TB SSD39.62 ,4.5,"₹1,94,990", 15.6 
ASUS,ASUSVivoBookK15OLED(2022)Ryzen,AMD Ryzen 5 Hexa Core ,8 GB DDR4 ,,Windows 10 ,1 TB HDD|256 GB SSD39.62 ,4.4,"₹62,990", 15.6 
Lenovo,LenovoIdeaPadGamingRyzen5Hexa,AMD Ryzen 5 Hexa Core ,8 GB DDR4 ,,64 bit Windows 10 ,512 GB SSD39.62 ,4.5,"₹61,990", 15.6 
ASUS,ASUSROGStrixG15(2022)Ryzen,AMD Ryzen 7 Octa Core ,16 GB DDR5 ,,Windows 11 ,1 TB SSD39.62 ,4.0,"₹1,05,990", 15.6  
acer,acerPredatorHelios300Corei7,Intel Core i7 ,16 GB DDR5 ,12th Gen,64 bit Windows 11 ,1 TB SSD39.62 ,5.0,"₹1,55,490", 15.6  
Ultimus,UltimusS151CeleronDualCore-,Intel Celeron Dual Core ,4 GB LPDDR4 ,,Windows 11 ,128 GB SSD35.81 ,4.3,"₹19,990", 14.1 
Lenovo,LenovoCorei310thGen-,Intel Core i3 ,4 GB DDR4 ,10th Gen,64 bit Windows 10 ,1 TB HDD39.62 ,3.9,"₹33,499", 15.6 
HP,HPPavilionIntelCorei512th,Intel Core i5 ,8 GB DDR4 ,12th Gen,64 bit Windows 11 ,512 GB SSD39.62 ,3.9,"₹63,990", 15.6 
acer,acerPredatorHelios300Corei9,Intel Core i9 ,16 GB DDR4 ,11th Gen,64 bit Windows 11 ,1 TB SSD39.62 ,4.4,"₹1,24,990", 15.6  
ASUS,ASUSEeeBook12CeleronDualCore,Intel Celeron Dual Core ,4 GB DDR4 ,,64 bit Windows 11 ,29.46 ,4.5,"₹21,990", 11.6  
Lenovo,LenovoIdeaPad3CeleronDualCore,Intel Celeron Dual Core ,4 GB DDR4 ,,64 bit Windows 10 ,256 GB SSD35.56 ,5.0,"₹30,100", 14 
HP,HPCorei712thGen-,Intel Core i7 ,32 GB DDR5 ,12th Gen,64 bit Windows 11 ,1 TB SSD43.94 ,4.2,"₹1,99,990", 17.3  
acer,acerAspire5Corei511th,Intel Core i5 ,8 GB DDR4 ,11th Gen,64 bit Windows 11 ,1 TB HDD|256 GB SSD39.62 ,4.5,"₹61,130", 15.6 
Lenovo,LenovoCorei311thGen-,Intel Core i3 ,8 GB DDR4 ,11th Gen,Windows 11 ,1 TB HDD|256 GB SSD39.62 ,3.6,"₹40,990", 15.6 
ASUS,ASUSTUFGamingF15Corei5,Intel Core i5 ,8 GB DDR4 ,11th Gen,64 bit Windows 10 ,1 TB SSD39.62 ,4.4,"₹75,990", 15.6 
HP,HPLaptopwithBacklitKeyboardCore,Intel Core i3 ,8 GB DDR4 ,11th Gen,64 bit Windows 11 ,512 GB SSD39.62 ,4.3,"₹46,890", 15.6 
ASUS,ASUSEeeBook12CeleronDualCore,Intel Celeron Dual Core ,4 GB DDR4 ,,64 bit Windows 11 ,29.46 ,4.0,"₹19,990", 11.6  
ASUS,ASUSVivobookS14OLED(2022)Intel,Intel Core i7 ,16 GB DDR4 ,12th Gen,Windows 11 ,512 GB SSD35.56 ,3.8,"₹89,990", 14 
DELL,DELLCorei511thGen-,Intel Core i5 ,8 GB DDR4 ,11th Gen,Windows 11 ,512 GB SSD39.62 ,4.0,"₹59,790", 15.6 
MSI,MSICorei912thGen-,Intel Core i9 ,16 GB DDR4 ,12th Gen,64 bit Windows 11 ,1 TB SSD39.62 ,4.1,"₹1,25,990", 15.6  
ASUS,ASUSROGZephyrusDuo16(2022),AMD Ryzen 7 Octa Core ,32 GB DDR5 ,,64 bit Windows 11 ,2 TB SSD40.64 ,4.4,"₹2,49,990", 16  
ASUS,ASUSROGZephyrusG15(2022)with,AMD Ryzen 7 Octa Core ,16 GB DDR5 ,,64 bit Windows 11 ,1 TB SSD39.62 ,4.0,"₹1,49,990", 15.6 
DELL,DELLInspironPentiumQuadCore-,Intel Pentium Quad Core ,8 GB DDR4 ,,64 bit Windows 11 ,256 GB SSD39.62 ,4.8,"₹36,990", 15.6 
ASUS,ASUSASUSTUFDashCorei5,Intel Core i5 ,16 GB DDR4 ,11th Gen,64 bit Windows 10 ,512 GB SSD39.62 ,4.3,"₹85,990", 15.6 
HP,HPRyzen7OctaCore5700U,AMD Ryzen 7 Octa Core ,8 GB DDR4 ,,64 bit Windows 10 ,512 GB SSD35.56 ,4.2,"₹60,990", 14 
DELL,DELLG15Corei512thGen,Intel Core i5 ,8 GB DDR5 ,12th Gen,64 bit Windows 11 ,512 GB SSD39.62 ,4.4,"₹87,900", 15.6  
Lenovo,LenovoIdeapad3DualCore3020e,AMD Dual Core ,4 GB DDR4 ,,64 bit Windows 10 ,1 TB HDD39.62 ,4.0,"₹27,490", 15.6 
HP,HPG8Ryzen3DualCore,AMD Ryzen 3 Dual Core ,8 GB DDR4 ,,64 bit Windows 11 ,1 TB HDD35.56 ,3.7,"₹28,999", 14 
acer,acerPredatorHelios300Corei7,Intel Core i7 ,16 GB DDR4 ,11th Gen,Windows 10 ,1 TB HDD|512 GB SSD39.62 ,4.5,"₹1,17,990", 15.6 
DELL,DELLCorei512thGen-,Intel Core i5 ,8 GB DDR4 ,12th Gen,64 bit Windows 11 ,1 TB HDD|256 GB SSD39.62 ,4.3,"₹61,497", 15.6  
HP,HPOMENRyzen5HexaCore,AMD Ryzen 5 Hexa Core ,8 GB DDR4 ,,64 bit Windows 11 ,512 GB SSD40.89 ,4.5,"₹70,400", 16.1 
Lenovo,LenovoIdeaPad5ProCorei5,Intel Core i5 ,16 GB DDR4 ,11th Gen,Windows 10 ,512 GB SSD35.56 ,4.0,"₹69,000", 14  
ASUS,ASUSROGZephyrusG15(2022)with,AMD Ryzen 7 Octa Core ,16 GB DDR5 ,,64 bit Windows 11 ,1 TB SSD39.62 ,4.8,"₹1,49,990", 15.6 
HP,HPVictusRyzen5HexaCore,AMD Ryzen 5 Hexa Core ,8 GB DDR5 ,,64 bit Windows 11 ,512 GB SSD40.89 ,4.1,"₹96,579", 16.1  
DELL,DELLCorei711thGen-,, 16MB L3,," & Storage: 16GB DDR4 (2 DIMM Slots) & 512GB SSDGraphics: NVIDIA� GEFORCE� RTX 3050 Ti (4GB GDDR6)Display: 15.6"" FHD WVA AG 250 nits 120Hz Narrow Border, Backlit Keyboard OrangeColor: Dark Shadow GreyPorts: 1. HiSpeed USB 2.0 | 2. HiSpeed USB 2.0 with PowerShare | 3. USB 3.2 Gen 1 Type-C port with DisplayPort with alt mode | 4. SuperSpeed USB 3.2 | 5. HDMI | 6. Power in | 7. RJ45 | 8. Headphones/micIntel Core i7 ", & Storage: 16GB DDR4 (2 DIMM Slots) & 512GB SSDGraphics: NVIDIA� GEFORCE� RTX 3050 Ti (4GB GDDR6),4.2,"₹1,01,990", & Storage: 16GB DDR4 2 DIMM Slots & 512GB SSDGraphics: NVIDIA� GEFORCE� RTX 3050 Ti 4GB GDDR6
HP,HPVictusRyzen7OctaCore,AMD Ryzen 7 Octa Core ,8 GB DDR5 ,,64 bit Windows 11 ,512 GB SSD40.89 ,4.8,"₹94,990", 16.1  
MSI,MSIStealthGS77Corei712th,Intel Core i7 ,32 GB DDR5 ,12th Gen,64 bit Windows 11 ,2 TB SSD43.94 ,4.5,"₹3,14,990", 17.3 
DELL,DELLCorei311thGen-,Intel Core i3 ,8 GB DDR4 ,11th Gen,Windows 11 ,1 TB HDD|256 GB SSD38.1 ,4.2,"₹46,900", 15 
ASUS,ASUSROGZephyrusM16(2022)with,Intel Core i9 ,32 GB DDR5 ,12th Gen,64 bit Windows 11 ,2 TB SSD40.64 ,3.9,"₹3,31,990", 16  
DELL,DELLG15Corei712thGen,Intel Core i7 ,16 GB DDR5 ,12th Gen,64 bit Windows 11 ,1 TB SSD39.62 ,4.6,"₹1,16,490", 15.6 
HP,HPRyzen3HexaCore4th,AMD Ryzen 3 Hexa Core ,8 GB DDR4 ,4th Gen,Windows 10 ,512 GB SSD39.62 ,4.4,"₹64,590", 15.6 
DELL,DELLG15Corei712thGen,Intel Core i7 ,16 GB DDR5 ,12th Gen,64 bit Windows 11 ,1 TB SSD39.62 ,3.9,"₹1,37,990", 15.6  
DELL,DELLVostroCorei511thGen,Intel Core i5 ,8 GB DDR4 ,11th Gen,64 bit Windows 10 ,512 GB SSD35.56 ,4.1,"₹55,690", 14 
Lenovo,LenovoLegion5Corei711th,Intel Core i7 ,16 GB DDR4 ,11th Gen,64 bit Windows 10 ,512 GB SSD39.62 ,4.2,"₹1,09,990", 15.6 
ASUS,ASUSCorei711thGen-,Intel Core i7 ,8 GB DDR4 ,11th Gen,Windows 10 ,1 TB HDD|256 GB SSD39.62 ,4.7,"₹79,990", 15.6 
ASUS,ASUSVivobookPro16XOLED(2021),AMD Ryzen 9 Octa Core ,16 GB DDR4 ,9th Gen,64 bit Windows 11 ,1 TB SSD40.64 ,4.4,"₹1,30,500", 16  
ASUS,ASUSROGZephyrusDuo16(2022),AMD Ryzen 9 Octa Core ,32 GB DDR5 ,,64 bit Windows 11 ,2 TB SSD40.64 ,4.1,"₹3,61,990", 16  
ASUS,ASUSROGFlowX16(2022)with,AMD Ryzen 9 Octa Core ,16 GB DDR5 ,,Windows 11 ,1 TB SSD40.64 ,4.3,"₹2,11,990", 16  Touchscreen 
DELL,DELLInspironCorei310thGen,Intel Core i3 ,4 GB DDR4 ,10th Gen,64 bit Windows 10 ,256 GB SSD38.1 ,4.4,"₹39,890", 15 
MSI,MSICorei712thGen-,Intel Core i7 ,16 GB DDR4 ,12th Gen,64 bit Windows 11 ,1 TB SSD39.62 ,3.7,"₹1,39,990", 15.6 
MSI,MSIGP65LeopardCorei710th,"15.6 inches Full HD IPS Thin Bezel Display (144Hz, 45% NTSC Color Gamut)Intel Core i7 ",16 GB DDR4 ,10th Gen,64 bit Windows 10 ,1 TB HDD|256 GB SSD39.62 ,4.5,"₹99,990", 15.6 
HP,HPPavilionIntelCorei511th,Intel Core i5 ,16 GB DDR4 ,11th Gen,64 bit Windows 10 ,512 GB SSD35.56 ,4.5,"₹66,700", 14 
DELL,DELLCorei511thGen-,Intel Core i5 ,8 GB DDR4 ,11th Gen,64 bit Windows 10 ,1 TB HDD|256 GB SSD39.62 ,4.5,"₹68,990", 15.6 
DELL,DELLAllienwareCorei911thGen,Intel Core i9 ,32 GB DDR4 ,11th Gen,64 bit Windows 11 ,1 TB SSD43.94 ,4.1,"₹4,34,830", 17.3  
ALIENWARE,ALIENWARECorei910thGen-,"NVIDIA GeForce RTX 2080 with Max-Q15.6 inch Full HD LED Backlit Anti-glare IPS Display, 300 Hz, 300 NitsAlienware Cryo-tech thermal technology to keep the system cool and running at highest performanceTobii-eye tracking to track head pose, presence, fine gaze and eye positionIn-built Alienware Command center software with enhanced control over system settingsIntel Core i9 ",32 GB DDR4 ,10th Gen,64 bit Windows 10 ,1 TB SSD39.62 ,4.6,"₹3,45,390", 15.6 
HP,HPVictusCorei712thGen,Intel Core i7 ,16 GB DDR4 ,12th Gen,64 bit Windows 11 ,512 GB SSD39.62 ,4.5,"₹1,05,822", 15.6 
Lenovo,LenovoIdeaPadFlex3ChromebookCeleron,Intel Celeron Dual Core ,4 GB LPDDR4X ,,64 bit Chrome ,29.46 ,3.6,"₹28,490", 11.6 
Lenovo,LenovoIdeapadSlim5iCorei5,Intel Core i5 ,16 GB DDR4 ,11th Gen,64 bit Windows 10 ,512 GB SSD39.62 ,4.2,"₹66,990", 15.6  
acer,acerNitro5Corei512th,Intel Core i5 ,8 GB DDR4 ,12th Gen,64 bit Windows 11 ,512 GB SSD39.62 ,3.5,"₹86,999", 15.6 
ASUS,ASUSCorei311thGen-,Intel Core i3 ,8 GB DDR4 ,11th Gen,64 bit Windows 10 ,256 GB SSD39.62 ,4.7,"₹36,990", 15.6 
Lenovo,LenovoIdeaPad1CeleronDualCore,Intel Celeron Dual Core ,4 GB DDR4 ,,64 bit Windows 11 ,256 GB SSD29.46 ,3.7,"₹23,250", 11.6  
DELL,DELLVostroCorei311thGen,Intel Core i3 ,8 GB DDR4 ,11th Gen,64 bit Windows 10 ,256 GB SSD35.56 ,4.3,"₹42,390", 14 
Lenovo,LenovoIdeapadSlim5iCorei5,Intel Core i5 ,8 GB DDR4 ,11th Gen,64 bit Windows 10 ,512 GB SSD35.56 ,4.2,"₹58,990", 14 
ASUS,ASUSZenBookPro15Corei7,First Ever ScreenpadNVIDIA GeForce GTX 1050 TiIntel Core i7 ,16 GB DDR4 ,8th Gen,64 bit Windows 10 ,1 TB SSD39.62 ,4.8,"₹1,10,990", 15.6 
acer,acerPredatorHelios300Corei5,NVIDIA Geforce GTX 1050 Ti for Desktop Level PerformanceOptimized Dolby Audio Premium Sound Enhancement128 GB SSD Capacity for Reduced Boot Up Time and in Game LoadingDual Fan Cooling with Metal AeroBlade for Interuption Free GamingFineTip Backlit Keyboard with Independent Standard Numeric KeypadIntel Core i5 ,8 GB DDR4 ,8th Gen,64 bit Windows 10 ,1 TB HDD|128 GB SSD39.62 ,4.6,"₹74,590", 15.6 
DELL,DELLRyzen5HexaCoreAMD,"NVIDIA RTX 3050 Graphics upto 90W TGP15.6 inch Full HD AG Display (250 nits Brightness, 120Hz, Narrow Border)Alienware Command CenterAMD Ryzen 5 Hexa Core ",8 GB DDR4 ,,64 bit Windows 11 ,512 GB SSD39.62 ,4.7,"₹71,990", 15.6 
Lenovo,LenovoYogaSlim7Corei5,Intel Core i5 ,16 GB DDR4 ,11th Gen,64 bit Windows 10 ,512 GB SSD35.56 ,4.0,"₹84,990", 14 
ASUS,ASUSZenbookS13OLEDRyzen,AMD Ryzen 7 Octa Core ,16 GB LPDDR5 ,,Windows 11 ,1 TB SSD33.78 ,4.3,"₹1,19,990", 13.3  Touchscreen 
MSI,MSICreator15Corei710th,Intel Core i7 ,32 GB DDR4 ,10th Gen,64 bit Windows 10 ,1 TB SSD39.62 ,4.6,"₹2,14,990", 15.6 
MSI,MSIModern14Corei311th,Intel Core i3 ,8 GB DDR4 ,11th Gen,64 bit Windows 10 ,512 GB SSD35.56 ,4.2,"₹48,790", 14 
DELL,DELLVostroRyzen7OctaCore,AMD Ryzen 7 Octa Core ,16 GB DDR4 ,,64 bit Windows 11 ,512 GB SSD40.64 ,4.0,"₹76,000", 16 
ASUS,ASUSROGFlowX13(2021)Ryzen,AMD Ryzen 9 Octa Core ,32 GB LPDDR4X ,,64 bit Windows 10 ,1 TB SSD34.04 ,5.0,"₹2,24,990", 13.4  Touchscreen 
Infinix,InfinixINBookX2PlusCorei3,Intel Core i3 ,8 GB LPDDR4X ,11th Gen,64 bit Windows 11 ,512 GB SSD39.62 ,4.1,"₹49,990", 15.6  
ASUS,ASUSROGFlowZ13(2022)Core,Intel Core i7 ,16 GB LPDDR5 ,12th Gen,64 bit Windows 11 ,512 GB SSD34.04 ,4.4,"₹1,64,990", 13.4  Touchscreen 
HP,HPRyzen3DualCore3250U,AMD Ryzen 3 Dual Core ,8 GB DDR4 ,,64 bit Windows 11 ,256 GB SSD39.62 ,3.9,"₹31,490", 15.6 
DELL,DELLCorei312thGen-,Intel Core i3 ,8 GB DDR4 ,12th Gen,64 bit Windows 11 ,512 GB SSD39.62 ,4.0,"₹48,077", 15.6  
ASUS,ASUSROGStrixG15AdvantageEdition,AMD Ryzen 9 Octa Core ,16 GB DDR4 ,,Windows 10 ,1 TB SSD39.62 ,4.6,"₹1,54,990", 15.6 
ASUS,ASUSCorei710thGen-,Intel Core i7 ,32 GB DDR4 ,10th Gen,64 bit Windows 10 ,1 TB SSD39.62 ,4.6,"₹2,24,990", 15.6 
ASUS,ASUSVivoBook15Corei510th,Intel Core i5 ,8 GB DDR4 ,10th Gen,64 bit Windows 10 ,1 TB HDD39.62 ,3.9,"₹44,990", 15.6 
ASUS,ASUSTUFGamingF15Corei5,Intel Core i5 ,8 GB DDR4 ,10th Gen,64 bit Windows 10 ,512 GB SSD39.62 ,4.4,"₹65,990", 15.6  
ASUS,ASUSVivobook14Corei310th,Intel Core i3 ,8 GB DDR4 ,10th Gen,64 bit Windows 10 ,1 TB HDD35.81 ,3.9,"₹31,990", 14.1 
Lenovo,LenovoCorei310thGen-,Intel Core i3 ,8 GB DDR4 ,10th Gen,Windows 10 ,256 GB SSD35.56 ,5.0,"₹38,980", 14 
HP,HPHPPavilionRyzen5Hexa,AMD Ryzen 5 Hexa Core ,8 GB DDR4 ,,64 bit Windows 10 ,512 GB SSD39.62 ,4.4,"₹68,990", 15.6 
DELL,DELLInspironCorei311thGen,Intel Core i3 ,8 GB DDR4 ,11th Gen,64 bit Windows 10 ,256 GB SSD39.62 ,4.0,"₹43,090", 15.6 
DELL,DELLCorei312thGen-,Intel Core i3 ,8 GB DDR4 ,12th Gen,64 bit Windows 11 ,512 GB SSD39.62 ,4.5,"₹49,348", 15.6  
DELL,DELLAllienwareCorei712thGen,Intel Core i7 ,16 GB DDR5 ,12th Gen,64 bit Windows 11 ,512 GB SSD39.62 ,3.5,"₹2,21,774", 15.6  
Lenovo,LenovoIdeaPadGaming3Ryzen5,AMD Ryzen 5 Hexa Core ,8 GB DDR4 ,,64 bit Windows 10 ,512 GB SSD39.62 ,4.0,"₹73,990", 15.6 
DELL,DELLInspironRyzen7OctaCore,AMD Ryzen 7 Octa Core ,16 GB DDR4 ,,64 bit Windows 11 ,512 GB SSD40.64 ,3.9,"₹77,990", 16  
ALIENWARE,ALIENWARECorei710thGen-,"NVIDIA GeForce RTX 206015.6 inch Full HD LED Backlit Anti-glare IPS Display, 300 Hz, 300 NitsAlienware Cryo-tech thermal technology to keep the system cool and running at highest performanceTobii-eye tracking to track head pose, presence, fine gaze and eye positionIn-built Alienware Command center software with enhanced control over system settingsIntel Core i7 ",16 GB DDR4 ,10th Gen,64 bit Windows 10 ,1 TB SSD39.62 ,4.1,"₹2,14,790", 15.6 
ALIENWARE,ALIENWARECorei710thGen-,"NVIDIA GeForce GTX 1660 Ti15.6 inch Full HD LED Backlit Anti-glare IPS Display, 300 Hz, 300 NitsAlienware Cryo-tech thermal technology to keep the system cool and running at highest performanceTobii-eye tracking to track head pose, presence, fine gaze and eye positionIn-built Alienware Command center software with enhanced control over system settingsIntel Core i7 ",16 GB DDR4 ,10th Gen,64 bit Windows 10 ,512 GB SSD39.62 ,4.9,"₹1,99,990", 15.6 
DELL,DELLVostroRyzen5HexaCore,AMD Ryzen 5 Hexa Core ,8 GB DDR4 ,,64 bit Windows 11 ,512 GB SSD35.56 ,4.5,"₹52,414", 14  
ASUS,ASUSROGZephyrusM16(2022)with,Intel Core i7 ,16 GB DDR5 ,12th Gen,64 bit Windows 11 ,1 TB SSD40.64 ,5.0,"₹1,79,990", 16  
ASUS,ASUSChromebookCeleronDualCore-,Intel Celeron Dual Core ,4 GB LPDDR4 ,,Chrome ,35.56 ,4.1,"₹25,990", 14 
DELL,DELLInspironCorei512thGen,Intel Core i5 ,16 GB DDR4 ,12th Gen,64 bit Windows 11 ,512 GB SSD35.56 ,4.2,"₹80,615", 14 
ASUS,ASUSROGZephyrusG15(2022)with,AMD Ryzen 7 Octa Core ,16 GB DDR5 ,,64 bit Windows 11 ,1 TB SSD39.62 ,4.4,"₹1,55,990", 15.6 
Infinix,InfinixX1SlimSeriesCorei7,Intel Core i7 ,16 GB LPDDR4X ,10th Gen,64 bit Windows 11 ,512 GB SSD35.56 ,3.6,"₹49,990", 14  
Lenovo,LenovoLegion5ProCorei7,Intel Core i7 ,16 GB DDR4 ,11th Gen,64 bit Windows 11 ,1 TB SSD40.64 ,4.6,"₹1,57,990", 16 
ASUS,ASUSCorei512thGen-,Intel Core i5 ,16 GB DDR5 ,12th Gen,Windows 11 ,512 GB SSD39.62 ,4.2,"₹92,990", 15.6 
ASUS,ASUSROGFlowX16(2022)with,AMD Ryzen 7 Octa Core ,16 GB DDR5 ,,64 bit Windows 11 ,1 TB SSD40.64 ,3.5,"₹1,71,990", 16  Touchscreen 
ASUS,ASUSROGFlowX13(2022)Ryzen,AMD Ryzen 9 Octa Core ,16 GB LPDDR5 ,,Windows 11 ,1 TB SSD34.04 ,4.2,"₹1,51,990", 13.4  Touchscreen 
ASUS,ASUSExpertBookB9Corei710th,Intel Core i7 ,16 GB LPDDR3 ,10th Gen,64 bit Windows 10 ,2 TB SSD35.56 ,4.4,"₹2,33,990", 14 
DELL,DELLCorei512thGen-,Intel Core i5 ,16 GB DDR5 ,12th Gen,64 bit Windows 11 ,512 GB SSD33.78 ,3.8,"₹76,590", 13.3  
HP,HPPavilionRyzen7OctaCore,AMD Ryzen 7 Octa Core ,16 GB DDR4 ,,64 bit Windows 10 ,512 GB SSD39.62 ,4.6,"₹90,000", 15.6 
ASUS,ASUSChromebookFlipTouchCeleronDual,Intel Celeron Dual Core ,4 GB LPDDR4 ,,Chrome ,29.46 ,4.0,"₹23,490", 11.6 
ASUS,ASUSZenbookFlip14OLED(2022),Intel Core i7 ,16 GB LPDDR5 ,12th Gen,64 bit Windows 11 ,512 GB SSD35.56 ,3.0,"₹1,25,990", 14 
Lenovo,LenovoIdeapadSlim3iCorei5,Intel Core i5 ,8 GB DDR4 ,10th Gen,64 bit Windows 10 ,1 TB HDD|256 GB SSD39.62 ,4.2,"₹50,990", 15.6 
